{"cameraMode":{"drawMode":0,"name":"Shaded","section":"Shading Mode"},"sceneLighting":true,"audioPlay":false,"sceneViewState":{"showFog":true,"showMaterialUpdate":false,"showSkybox":true,"showFlares":true,"showImageEffects":true,"showParticleSystems":true},"in2DMode":false,"pivot":{"x":-0.3037269115447998,"y":0.9513583183288574,"z":-0.21409010887145997},"rotation":{"x":-0.054100241512060168,"y":0.9125749468803406,"z":-0.12842455506324769,"w":-0.3844316601753235},"size":3.185645818710327,"orthographic":false}